account_id,person_id,account_number,bank_name,account_type,balance,currency,status,opened_at,closed_at,branch_code
ACC001,P001,9876543210,State Bank of India,SAVINGS,45000.00,INR,ACTIVE,2023-01-15,,SBI001
ACC002,P001,8765432109,HDFC Bank,CURRENT,125000.00,INR,ACTIVE,2022-06-01,,HDFC002
ACC003,P002,7654321098,ICICI Bank,SAVINGS,12000.00,INR,ACTIVE,2023-02-20,,ICICI003
ACC004,P003,6543210987,Axis Bank,SAVINGS,8500.00,INR,ACTIVE,2022-12-01,,AXIS004
ACC005,P003,5432109876,State Bank of India,CURRENT,230000.00,INR,ACTIVE,2021-05-10,,SBI005
ACC006,P004,4321098765,HDFC Bank,SAVINGS,3200.00,INR,ACTIVE,2023-05-05,,HDFC006
ACC007,P005,3210987654,Kotak Mahindra,SAVINGS,67000.00,INR,ACTIVE,2022-09-01,,KOTAK007
ACC008,P006,2109876543,ICICI Bank,CURRENT,15000.00,INR,ACTIVE,2023-06-15,,ICICI008
ACC009,P007,1098765432,Axis Bank,SAVINGS,890000.00,INR,ACTIVE,2020-01-20,,AXIS009
ACC010,P008,0987654321,State Bank of India,SAVINGS,4500.00,INR,ACTIVE,2022-12-10,,SBI010
ACC011,P009,9871234560,HDFC Bank,CURRENT,56000.00,INR,ACTIVE,2023-07-25,,HDFC011
ACC012,P010,8760123459,ICICI Bank,SAVINGS,2100.00,INR,ACTIVE,2023-09-05,,ICICI012
ACC013,P005,7651234568,Kotak Mahindra,CURRENT,340000.00,INR,ACTIVE,2021-11-15,,KOTAK013
ACC014,P007,6542345677,Axis Bank,CURRENT,1250000.00,INR,ACTIVE,2019-03-01,,AXIS014
ACC015,P002,5433456786,HDFC Bank,CURRENT,85000.00,INR,ACTIVE,2022-08-20,,HDFC015
