call_id,from_phone,to_phone,duration_seconds,call_type,timestamp,tower_id,status
CALL001,+919876543210,+919654321098,245,OUTGOING,2024-01-04 10:00:00,TOWER_BLR_001,CONNECTED
CALL002,+919654321098,+919876543210,180,OUTGOING,2024-01-04 12:00:00,TOWER_DEL_001,CONNECTED
CALL003,+919876543210,+919432109876,320,OUTGOING,2024-01-05 14:00:00,TOWER_BLR_001,CONNECTED
CALL004,+919432109876,+919876543210,95,OUTGOING,2024-01-05 15:00:00,TOWER_PUN_001,CONNECTED
CALL005,+919611111111,+919876543210,410,OUTGOING,2024-01-06 08:00:00,TOWER_DEL_002,CONNECTED
CALL006,+919876543210,+919611111111,280,OUTGOING,2024-01-06 09:00:00,TOWER_BLR_001,CONNECTED
CALL007,+919622222222,+919876543210,155,OUTGOING,2024-01-08 10:00:00,TOWER_PUN_002,CONNECTED
CALL008,+919876543210,+919210987654,520,OUTGOING,2024-01-08 11:00:00,TOWER_BLR_001,CONNECTED
CALL009,+919210987654,+919876543210,390,OUTGOING,2024-01-08 18:00:00,TOWER_HYD_001,CONNECTED
CALL010,+919765432109,+919654321098,210,OUTGOING,2024-01-09 09:00:00,TOWER_KOL_001,CONNECTED
CALL011,+919654321098,+919765432109,175,OUTGOING,2024-01-10 10:00:00,TOWER_DEL_001,CONNECTED
CALL012,+919876543210,+919098765432,90,OUTGOING,2024-01-11 11:00:00,TOWER_BLR_002,CONNECTED
CALL013,+919210987654,+919432109876,445,OUTGOING,2024-01-12 09:00:00,TOWER_HYD_001,CONNECTED
CALL014,+919432109876,+919210987654,320,OUTGOING,2024-01-12 13:00:00,TOWER_PUN_001,CONNECTED
CALL015,+919876543210,+919765432109,60,OUTGOING,2024-01-15 08:00:00,TOWER_BLR_001,CONNECTED
