device_id,person_id,imei,model,os,os_version,status,first_seen_at,last_seen_at
DEV001,P001,354678901234567,Samsung Galaxy S21,Android,13.0,ACTIVE,2023-01-10,2024-03-20
DEV002,P002,354678902345678,iPhone 13,iOS,17.0,ACTIVE,2023-02-14,2024-03-19
DEV003,P003,354678903456789,Redmi Note 10,Android,12.0,INACTIVE,2022-11-20,2024-01-02
DEV004,P003,354678904567890,OnePlus 11,Android,14.0,ACTIVE,2024-01-05,2024-03-20
DEV005,P004,354678905678901,Realme 9,Android,12.0,ACTIVE,2023-05-01,2024-03-17
DEV006,P005,354678906789012,iPhone 12,iOS,16.0,INACTIVE,2022-08-15,2024-01-07
DEV007,P005,354678907890123,Samsung Galaxy A53,Android,13.0,ACTIVE,2024-01-10,2024-03-20
DEV008,P006,354678908901234,Vivo V25,Android,13.0,ACTIVE,2023-06-10,2024-03-15
DEV009,P007,354678909012345,iPhone 14 Pro,iOS,17.0,ACTIVE,2021-03-20,2024-03-14
DEV010,P008,354678900123456,Oppo F21,Android,12.0,ACTIVE,2022-12-05,2024-03-13
DEV011,P009,354678901357924,Samsung Galaxy M33,Android,13.0,ACTIVE,2023-07-22,2024-03-12
DEV012,P010,354678902468013,Redmi 10C,Android,12.0,ACTIVE,2023-09-01,2024-03-11
