person_id,full_name,dob,national_id,address,email,phone_primary,created_at,updated_at
P001,Rahul Sharma,1985-03-15,ABCD1234E,12 MG Road Bangalore 560001,rahul.sharma@email.com,+919876543210,2023-01-10,2024-03-01
P002,Priya Mehta,1990-07-22,WXYZ5678F,45 Park Street Kolkata 700016,priya.mehta@email.com,+919765432109,2023-02-14,2024-02-28
P003,Amit Kumar,1978-11-05,LMNO9012G,78 Connaught Place Delhi 110001,amit.kumar@email.com,+919654321098,2022-11-20,2024-01-15
P004,Sunita Rao,1992-04-18,PQRS3456H,23 Anna Salai Chennai 600002,sunita.rao@email.com,+919543210987,2023-05-01,2024-03-10
P005,Vikram Singh,1983-09-30,TUVW7890I,56 FC Road Pune 411004,vikram.singh@email.com,+919432109876,2022-08-15,2024-02-20
P006,Deepa Nair,1995-12-12,EFGH2345J,89 MG Road Kochi 682016,deepa.nair@email.com,+919321098765,2023-06-10,2024-03-05
P007,Rajesh Gupta,1970-06-25,IJKL6789K,34 Banjara Hills Hyderabad 500034,rajesh.gupta@email.com,+919210987654,2021-03-20,2024-01-30
P008,Kavitha Pillai,1988-01-08,MNOP0123L,67 Residency Road Bangalore 560025,kavitha.pillai@email.com,+919109876543,2022-12-05,2024-03-15
P009,Suresh Patel,1975-08-19,QRST4567M,12 CG Road Ahmedabad 380009,suresh.patel@email.com,+919098765432,2023-07-22,2024-02-10
P010,Ananya Das,1998-02-28,UVWX8901N,45 Park Street Kolkata 700017,ananya.das@email.com,+918987654321,2023-09-01,2024-03-20
