phone_id,person_id,phone_number,carrier,phone_type,status,registered_at,last_used_at
PH001,P001,+919876543210,Airtel,MOBILE,ACTIVE,2023-01-10,2024-03-20
PH002,P002,+919765432109,Jio,MOBILE,ACTIVE,2023-02-14,2024-03-19
PH003,P003,+919654321098,Vodafone,MOBILE,ACTIVE,2022-11-20,2024-03-18
PH004,P004,+919543210987,BSNL,MOBILE,ACTIVE,2023-05-01,2024-03-17
PH005,P005,+919432109876,Airtel,MOBILE,ACTIVE,2022-08-15,2024-03-16
PH006,P006,+919321098765,Jio,MOBILE,ACTIVE,2023-06-10,2024-03-15
PH007,P007,+919210987654,Vodafone,MOBILE,ACTIVE,2021-03-20,2024-03-14
PH008,P008,+919109876543,Airtel,MOBILE,ACTIVE,2022-12-05,2024-03-13
PH009,P009,+919098765432,Jio,MOBILE,ACTIVE,2023-07-22,2024-03-12
PH010,P010,+918987654321,Vodafone,MOBILE,ACTIVE,2023-09-01,2024-03-11
PH011,P003,+919611111111,Airtel,MOBILE,ACTIVE,2024-01-05,2024-03-20
PH012,P005,+919622222222,Jio,MOBILE,ACTIVE,2024-01-10,2024-03-20
