sim_id,phone_id,person_id,iccid,carrier,status,issued_at,activated_at,deactivated_at
SIM001,PH001,P001,89910300001234567890,Airtel,ACTIVE,2023-01-05,2023-01-10,
SIM002,PH002,P002,89910300002345678901,Jio,ACTIVE,2023-02-10,2023-02-14,
SIM003,PH003,P003,89910300003456789012,Vodafone,DEACTIVATED,2022-11-15,2022-11-20,2024-01-03
SIM004,PH004,P004,89910300004567890123,BSNL,ACTIVE,2023-04-25,2023-05-01,
SIM005,PH005,P005,89910300005678901234,Airtel,DEACTIVATED,2022-08-10,2022-08-15,2024-01-08
SIM006,PH006,P006,89910300006789012345,Jio,ACTIVE,2023-06-05,2023-06-10,
SIM007,PH007,P007,89910300007890123456,Vodafone,ACTIVE,2021-03-15,2021-03-20,
SIM008,PH008,P008,89910300008901234567,Airtel,ACTIVE,2022-12-01,2022-12-05,
SIM009,PH009,P009,89910300009012345678,Jio,ACTIVE,2023-07-18,2023-07-22,
SIM010,PH010,P010,89910300000123456789,Vodafone,ACTIVE,2023-08-28,2023-09-01,
SIM011,PH011,P003,89910300001122334455,Airtel,ACTIVE,2024-01-03,2024-01-05,
SIM012,PH012,P005,89910300002233445566,Jio,ACTIVE,2024-01-08,2024-01-10,
